;rkcat_error;rkm_error;reff_error;ract_error
WT;395.350814;1259.105;321.3809651;2286.035156
A102V;348.4944513;854.431;41.01968947;134.0047407
A171T;126.0099501;1754.019;104.1418854;148.0761975
A46V;58.5447538;1654.482;377.258218;144.2800794
C14G;0.126788438;428.557;0.02518277;1.463940562
D12A;3.646834515;166.493;6.172754419;69.01109484
D12G;2.213995766;23.413;64.5008521;43.06640625
D136G;74.22495754;4267.04;81.68430557;317.2851563
D49N;0.002003266;9209.807;3.84E-05;0.00132921
F58L;58.7146055;3544.762;157.1967559;791.8566688
F94L;122.8999416;1436.655;14.27951609;535.9707303
G24D;2.628383958;406.478;177.2932199;71.63153754
G78C;0.487514821;127.471;0.57193047;4.671902127
H51R;9.89E-07;210.718;0.007531468;6.78E-06
H57R;0.023767144;318.133;0.015679287;0.092854945
H71Y;76.40005927;1447393.337;0.097607827;5.33821771
K48T;0.688090719;16.259;24.62945177;7.619900174
L116P;71.79444383;146.332;21.16730041;218.7934028
L172P;0.114872854;8860.208;1.126208236;0.04427247
L4S;6.33E-11;124.107;4.03E-08;0.002076891
M175V;124.9545052;14251.06;11.42681315;3.306893402
P54L;1.78922853;144.931;1.493701564;83.74156359
P62L;4.645004373;154.661;13.45333453;61.4019165
P62R;6.953764067;291.026;4.470566154;10.51954334
Q10P;0.206574911;164.522;1.166592817;16.67361111
R29P;0.055475685;37.545;100.0799813;0.734056261
T135P;0.000618292;1316.988;;0.002712674
T142A;9.89E-07;1533.417;6.21E-07;4.12E-06
T160K;0.125375765;1333466.188;1.54E-06;0.000351563
T76P;0.601870149;16.259;123.6987406;6.120469835
V125F;279.619661;5962.07;305.820044;68.83473755
V139A;20651.57182;22896742.09;0.053175239;25.97364865
V180F;2565.819957;349428.621;407.888032;50.08570972
W119L;0.097537786;679.317;0.031871944;1.086697659
Y34D;436.5161552;7170.265;2014.302536;472.8359646
Y64D;898.1926907;1327.251;112.5188064;4423.635525
